{"cameraMode":{"drawMode":0,"name":"Shaded","section":"Shading Mode"},"sceneLighting":true,"audioPlay":false,"sceneViewState":{"m_AlwaysRefresh":false,"showFog":true,"showSkybox":true,"showFlares":true,"showImageEffects":true,"showParticleSystems":true,"showVisualEffectGraphs":true,"m_FxEnabled":true},"in2DMode":false,"pivot":{"x":-24.486875534057618,"y":-7.007920265197754,"z":0.20885634422302247},"rotation":{"x":-0.13642919063568116,"y":0.6585092544555664,"z":-0.12310374528169632,"w":-0.7297921776771545},"size":21.79258918762207,"orthographic":false}